Workbook

Sheet Janar
B1: Rakordime Janar
B3: BOSS MUJOR | E3: Komente
B4: INVOICE MUJOR
B5: TOTAL XHIRO | C5: =SUM(C3:C4)
B6: TOTAL Arketime | C6: =C36
B7: Diferenca | C7: =C6-C5+F12
B9: Data e Arketimit | C9: Vlera e mandatit te arketuar
B36: Totali | C36: =SUM(C10:C35)

Sheet shkurt
B1: Rakordime Shkurt
B3: BOSS MUJOR | E3: Komente
B4: INVOICE MUJOR
B5: TOTAL XHIRO | C5: =SUM(C3:C4)
B6: TOTAL Arketime | C6: =C36
B7: Diferenca | C7: =C6-C5+F12
B9: Data e Arketimit | C9: Vlera e mandatit te arketuar
B36: Totali | C36: =SUM(C10:C35)

Sheet mars
B1: Rakordime Mars
B3: BOSS MUJOR | E3: Komente
B4: INVOICE MUJOR
B5: TOTAL XHIRO | C5: =SUM(C3:C4)
B6: TOTAL Arketime | C6: =C36
B7: Diferenca | C7: =C6-C5+F12
B9: Data e Arketimit | C9: Vlera e mandatit te arketuar
B36: Totali | C36: =SUM(C10:C35)

Sheet prill
B1: Rakordime Prill
B3: BOSS MUJOR | E3: Komente
B4: INVOICE MUJOR
B5: TOTAL XHIRO | C5: =SUM(C3:C4)
B6: TOTAL Arketime | C6: =C36
B7: Diferenca | C7: =C6-C5+F12
B9: Data e Arketimit | C9: Vlera e mandatit te arketuar
B36: Totali | C36: =SUM(C10:C35)

Sheet maj
B1: Rakordime Maj
B3: BOSS MUJOR | E3: Komente
B4: INVOICE MUJOR
B5: TOTAL XHIRO | C5: =SUM(C3:C4)
B6: TOTAL Arketime | C6: =C36
B7: Diferenca | C7: =C6-C5+F12
B9: Data e Arketimit | C9: Vlera e mandatit te arketuar
B36: Totali | C36: =SUM(C10:C35)

Sheet qershor
B1: Rakordime Qershor
B3: BOSS MUJOR | E3: Komente
B4: INVOICE MUJOR
B5: TOTAL XHIRO | C5: =SUM(C3:C4)
B6: TOTAL Arketime | C6: =C36
B7: Diferenca | C7: =C6-C5+F12
B9: Data e Arketimit | C9: Vlera e mandatit te arketuar
B36: Totali | C36: =SUM(C10:C35)

Sheet korrik
B1: Rakordime Korrik
B3: BOSS MUJOR | E3: Komente
B4: INVOICE MUJOR
B5: TOTAL XHIRO | C5: =SUM(C3:C4)
B6: TOTAL Arketime | C6: =C36
B7: Diferenca | C7: =C6-C5+F12
B9: Data e Arketimit | C9: Vlera e mandatit te arketuar
B36: Totali | C36: =SUM(C10:C35)

Sheet gusht
B1: Rakordime Gusht
B3: BOSS MUJOR | E3: Komente
B4: INVOICE MUJOR
B5: TOTAL XHIRO | C5: =SUM(C3:C4)
B6: TOTAL Arketime | C6: =C36
B7: Diferenca | C7: =C6-C5+F12
B9: Data e Arketimit | C9: Vlera e mandatit te arketuar
B36: Totali | C36: =SUM(C10:C35)

Sheet shtator
B1: Rakordime Shtator
B3: BOSS MUJOR | E3: Komente
B4: INVOICE MUJOR
B5: TOTAL XHIRO | C5: =SUM(C3:C4)
B6: TOTAL Arketime | C6: =C36
B7: Diferenca | C7: =C6-C5+F12
B9: Data e Arketimit | C9: Vlera e mandatit te arketuar
B36: Totali | C36: =SUM(C10:C35)

Sheet tetor
B1: Rakordime Tetor
B3: BOSS MUJOR | E3: Komente
B4: INVOICE MUJOR
B5: TOTAL XHIRO | C5: =SUM(C3:C4)
B6: TOTAL Arketime | C6: =C36
B7: Diferenca | C7: =C6-C5+F12
B9: Data e Arketimit | C9: Vlera e mandatit te arketuar
B36: Totali | C36: =SUM(C10:C35)

Sheet nentor
B1: Rakordime Nentor
B3: BOSS MUJOR | E3: Komente
B4: INVOICE MUJOR
B5: TOTAL XHIRO | C5: =SUM(C3:C4)
B6: TOTAL Arketime | C6: =C36
B7: Diferenca | C7: =C6-C5+F12
B9: Data e Arketimit | C9: Vlera e mandatit te arketuar
B36: Totali | C36: =SUM(C10:C35)

Sheet dhjetor
B1: Rakordime Dhjetor
B3: BOSS MUJOR | E3: Komente
B4: INVOICE MUJOR
B5: TOTAL XHIRO | C5: =SUM(C3:C4)
B6: TOTAL Arketime | C6: =C36
B7: Diferenca | C7: =C6-C5+F12
B9: Data e Arketimit | C9: Vlera e mandatit te arketuar
B36: Totali | C36: =SUM(C10:C35)

Sheet Total
B1: {{year}}
B4: Diference | C4: Total
B5: Janar | C5: ='Janar'!C7
B6: Shkurt | C6: ='shkurt'!C7
B7: Mars | C7: ='mars'!C7
B8: Prill | C8: ='prill'!C7
B9: Maj | C9: ='maj'!C7
B10: Qershor | C10: ='qershor'!C7
B11: Korrik | C11: ='korrik'!C7
B12: Gusht | C12: ='gusht'!C7
B13: Shtator | C13: ='shtator'!C7
B14: Tetor | C14: ='tetor'!C7
B15: Nentor | C15: ='nentor'!C7
B16: Dhjetor | C16: ='dhjetor'!C7
B17: TOTAL | C17: =SUM(C5:C16)
